proc #,saddle energy,prefactor,product,product energy,product prefactor,barrier,rate,repeats,force call minimization,force call saddle
0,-1772.09000,1.00000e+12,-1,-1772.12373,1.00000e+12,1.50076,6.14384e-14,0,483,420
1,-1773.53637,1.00000e+12,-1,-1773.58614,1.00000e+12,0.05439,1.21994e+11,0,419,418
2,-1773.52509,1.00000e+12,1,-1773.57789,1.00000e+12,0.06566,7.88684e+10,16,413,495
3,-1773.53079,1.00000e+12,-1,-1773.58201,1.00000e+12,0.05997,9.83057e+10,6,413,443
